categoria;produto;detalhe;de;por;desconto_no_site
Pele;Primer Acqua;;;R$ 89,90;não
Pele;Primer Luminous;;;R$ 89,90;não
Pele;Primer Radiance;;;R$ 79,90;não
Pele;Primer Blur;;;R$ 109,90;não
Pele;Clear;Clareador de olheiras;R$ 109,90;R$ 76,90;sim
Pele;Base Soft Matte;13 tons;;R$ 109,90;não
Pele;Corretivo Mousse;7 tons + C02;;R$ 64,90;não
Pele;Blend Cream;6 tons;;R$ 99,90;não
Pele;Pó Soft Eye;3 tons;;R$ 109,90;não
Pele;Pó Soft Finish;FPS 60 · 5 tons;;R$ 129,90;não
Cream Color;Cream Color;5 blush e ilum. + 2 contorno;;R$ 99,90;não
Cream Color;Kit Cream Color;+ Pincel B03 · 7 opções;R$ 199,80;R$ 179,80;sim
Olhos;Paleta de Sombras;Vital · Enérgica;;R$ 109,90;não
Olhos;Máscara Up!;5 versões;;R$ 49,90;não
Olhos;Lápis para Olhos;Preto · Marrom · Cinza;;R$ 49,90;não
Olhos;Sculpt Brow;Light · Medium · Dark;;R$ 89,90;não
Olhos;Intense Eye;Lançamento · 2 cores;;a definir;não
Lábios;Classic Lips;6 cores;;R$ 69,90;não
Lábios;Essential Lips;Lançamento · 8 cores;;a definir;não
Lábios;Lip Combo;1 batom + lápis · 3 opções;R$ 119,80;R$ 101,80;sim
Lábios;Lip Combo;2 batons + lápis · 3 opções;R$ 189,70;R$ 151,70;sim
Lábios;Lápis para Lábios;Caramelo · Chocolate · Magenta;;R$ 49,90;não
Lábios;Primer Labial;;;R$ 59,90;não
Skincare;Cleansing Oil;Óleo de limpeza;R$ 99,90;R$ 69,90;sim
Skincare;Gel de Limpeza;Facial;R$ 59,90;R$ 41,90;sim
Skincare;Gel de Limpeza;Controle de oleosidade;R$ 59,90;R$ 41,90;sim
Skincare;Sérum Facial;Ácido salicílico;R$ 89,90;R$ 62,90;sim
Acessórios;Pincel F01;Base;;R$ 89,90;não
Acessórios;Pincel C02;Corretivo;;R$ 79,90;não
Acessórios;Pincel B03;Blush e iluminador;;R$ 99,90;não
Acessórios;Kit Pincéis;F01 + C02 + B03;R$ 269,70;R$ 242,70;sim
Acessórios;Esponja Soft Perfect;;;R$ 29,90;não
Acessórios;Esponja Face Perfect;;;R$ 49,90;não
Acessórios;Apontador;Para lápis;;R$ 39,90;não
